{
  "prepare_queue": {
    "installed": [],
    "uninstalled": []
  },
  "config_munge": {
    "files": {
      "res/xml/config.xml": {
        "parents": {
          "/*": [
            {
              "xml": "<feature name=\"Whitelist\"><param name=\"android-package\" value=\"org.apache.cordova.whitelist.WhitelistPlugin\" /><param name=\"onload\" value=\"true\" /></feature>",
              "count": 1
            }
          ]
        }
      }
    }
  },
  "installed_plugins": {
    "cordova-plugin-whitelist": {
      "PACKAGE_NAME": "com.example.CameraProject"
    },
    "com-snaphappi-plugin-camera-roll-location": {
      "PACKAGE_NAME": "com.example.CameraProject"
    }
  },
  "dependent_plugins": {},
  "modules": [
    {
      "id": "com-snaphappi-plugin-camera-roll-location.CameraRollLocation",
      "file": "plugins/com-snaphappi-plugin-camera-roll-location/www/CameraRollLocation.js",
      "pluginId": "com-snaphappi-plugin-camera-roll-location",
      "clobbers": [
        "cordova.plugins.CameraRollLocation",
        "snappi_CameraRollLocation"
      ]
    }
  ],
  "plugin_metadata": {
    "cordova-plugin-whitelist": "1.3.3",
    "com-snaphappi-plugin-camera-roll-location": "0.1.0"
  }
}